{
  "materialId": 1,
  "tests": [
    {
      "testId": 1,
      "testName": "test1",
      "images": [
        {
          "imageId": 1,
          "imageUrl": "https://cdn.vox-cdn.com/thumbor/dOZfqr8j2NcSa8Vjn0pPzg2gm2s=/0x0:2012x1341/1220x813/filters:focal(0x0:2012x1341):format(webp)/cdn.vox-cdn.com/uploads/chorus_image/image/47070706/google2.0.0.jpg",
          "imageName": "Image1",
          "imageDesc": "Beautiful Active Material Image",
          "imageCreated": "10/21/2019"
        },
        {
          "imageId": 1.2,
          "imageUrl": "https://cdn.vox-cdn.com/thumbor/dOZfqr8j2NcSa8Vjn0pPzg2gm2s=/0x0:2012x1341/1220x813/filters:focal(0x0:2012x1341):format(webp)/cdn.vox-cdn.com/uploads/chorus_image/image/47070706/google2.0.0.jpg",
          "imageName": "Image1.2",
          "imageDesc": "Beautiful Active Material Image",
          "imageCreated": "10/21/2019"
        },
        {
          "imageId": 1.3,
          "imageUrl": "https://cdn.vox-cdn.com/thumbor/dOZfqr8j2NcSa8Vjn0pPzg2gm2s=/0x0:2012x1341/1220x813/filters:focal(0x0:2012x1341):format(webp)/cdn.vox-cdn.com/uploads/chorus_image/image/47070706/google2.0.0.jpg",
          "imageName": "Image1.3",
          "imageDesc": "Beautiful Active Material Image",
          "imageCreated": "10/21/2019"
        },
        {
          "imageId": 1.4,
          "imageUrl": "https://cdn.vox-cdn.com/thumbor/dOZfqr8j2NcSa8Vjn0pPzg2gm2s=/0x0:2012x1341/1220x813/filters:focal(0x0:2012x1341):format(webp)/cdn.vox-cdn.com/uploads/chorus_image/image/47070706/google2.0.0.jpg",
          "imageName": "Image1.4",
          "imageDesc": "Beautiful Active Material Image",
          "imageCreated": "10/21/2019"
        }
      ],
      "checked": true
    },
    {
      "testId": 2,
      "testName": "test2",
      "images": [
        {
          "imageId": 2,
          "imageUrl": "https://cdn.vox-cdn.com/thumbor/dOZfqr8j2NcSa8Vjn0pPzg2gm2s=/0x0:2012x1341/1220x813/filters:focal(0x0:2012x1341):format(webp)/cdn.vox-cdn.com/uploads/chorus_image/image/47070706/google2.0.0.jpg",
          "imageName": "Image2",
          "imageDesc": "Beautiful Active Material Image",
          "imageCreated": "10/21/2019"
        }
      ],
      "checked": true
    },
    {
      "testId": 3,
      "testName": "test3",
      "images": [
        {
          "imageId": 3,
          "imageUrl": "https://cdn.vox-cdn.com/thumbor/dOZfqr8j2NcSa8Vjn0pPzg2gm2s=/0x0:2012x1341/1220x813/filters:focal(0x0:2012x1341):format(webp)/cdn.vox-cdn.com/uploads/chorus_image/image/47070706/google2.0.0.jpg",
          "imageName": "Image3",
          "imageDesc": "Beautiful Active Material Image",
          "imageCreated": "10/21/2019"
        }
      ],
      "checked": true
    }
  ]
}
