[
  {
    "MIDAS_Id": "4062106",
    "Sample_Description": "WAKAYAMA 2100SN-HT (PLASTOL 2105)",
    "Owner": {
      "name": "Y v shukla",
      "id": 1
    },
    "Tests": [
      {
        "TestMethod": "1746-3",
        "Sample_Description": "WAKAYAMA 2100SN-HT (PLASTOL 2105)",
        "Test_Facility": "ASV",
        "Components": [
          {
            "component": "CORRECTED POUR POINT",
            "min": -18,
            "max": -10,
            "uom": "C"
          },
          {
            "component": "HYDROGEN",
            "min": -18,
            "max": -10,
            "uom": ""
          },
          {
            "component": "ASH",
            "min": -18,
            "max": -10,
            "uom": ""
          }
        ]
      },
      {
        "TestMethod": "1746-4",
        "Sample_Description": "WAKAYAMA 2100SN-HT (PLASTOL 2105)",
        "Test_Facility": "ASV",
        "Components": [
          {
            "component": "File Spec",
            "Result": "file:\\\\MFS:\\2017\\ASV\\1746-3\\04062106_73_1.txt"
          }
        ]
      },
      {
        "TestMethod": "1746-4",
        "Sample_Description": "WAKAYAMA 2100SN-HT (PLASTOL 2105)",
        "Test_Facility": "ASV",
        "Components": [
          {
            "component": "File Spec",
            "Result": "file:\\\\MFS:\\2019\\ASV\\1746-4\\04062106_117_1.txt"
          },
          {
            "component": "File Spec",
            "Result": "file:\\\\MFS:\\2018\\ASV\\1746-4\\04062106_104_1.txt"
          },
          {
            "component": "File Spec",
            "Result": "file:\\\\MFS:\\2014\\ASV\\1746-4\\04062106_17_1.txt"
          }
        ]
      },
      {
        "TestMethod": "AMI1161A-9",
        "Sample_Description": "WAKAYAMA 2100SN-HT (PLASTOL 2105)",
        "Test_Facility": "LUB",
        "Components": [
          {
            "component": "C49 Normal",
            "Result": "-17"
          }
        ]
      },
      {
        "TestMethod": "AMS1110-2",
        "Sample_Description": "WAKAYAMA 2100SN-HT (PLASTOL 2105)",
        "Test_Facility": "LUB",
        "Components": [
          {
            "component": "File Spec",
            "Result": "file:\\\\MFS:\\2014\\LUB\\AMI1161A-9\\04062106_31_1.doc"
          }
        ]
      },
      {
        "TestMethod": "AMS1110-2",
        "Sample_Description": "WAKAYAMA 2100SN-HT (PLASTOL 2105)",
        "Test_Facility": "LUB",
        "Components": [
          {
            "component": "FREE WATER",
            "Result": "4"
          },
          {
            "component": "Emulsion",
            "Result": "1"
          },
          {
            "Emulsion": "1",
            "Oil Layer": "87",
            "Oil Layer Description": "med",
            "WATER": "0.345",
            "COMPLETED DATE": "42638",
            "Analyst of Test Run": "jsg",
            "TestMethod Modfications": "--",
            "Comments": "WOW",
            "File Spec": "file:\\\\MFS:\\2016\\LUB\\AMS1110-2\\04062106_69_11.JPG"
          }
        ]
      },
      {
        "TestMethod": "AMS1718MOD-9",
        "Sample_Description": "WAKAYAMA 2100SN-HT (PLASTOL 2105)",
        "Test_Facility": "LUB",
        "Test_Iterations": [
          {
            "APPEARANCE": "-6°C, 4 hrs: 2 film present, RT: 1 clear and bright",
            "Comments": "none"
          },
          {
            "APPEARANCE": "Hazy at -18°C, clear at RT",
            "Comments": "none"
          },
          {
            "APPEARANCE": "Level 1: clear and bright",
            "Comments": "none"
          },
          {
            "APPEARANCE": "clear after 4 hrs, clear after ONC for both conditions",
            "Comments": "reading taken at -6°C and -1°C"
          },
          {
            "APPEARANCE": "clear at both -6° and -1°C, Turbidity (NTU) initial  0.559, after -6°C  0.596, after -1°C  0.603",
            "Comments": "all results taken at ambient (23°C)"
          }
        ]
      },
      {
        "TestMethod": "B901",
        "Sample_Description": "WAKAYAMA 2100SN-HT (PLASTOL 2105)",
        "Test_Facility": "PGC",
        "Test_Iterations": [
          {
            "CLOUD POINT BY PHASE TEC": "-17.2"
          }
        ]
      },
      {
        "TestMethod": "D1401-1",
        "Sample_Description": "WAKAYAMA 2100SN-HT (PLASTOL 2105)",
        "Test_Facility": "ASV",
        "Test_Iterations": [
          {
            "SULFUR": "Not suitable for Analysis"
          }
        ]
      },
      {
        "TestMethod": "D1401-1",
        "Sample_Description": "WAKAYAMA 2100SN-HT (PLASTOL 2105)",
        "Test_Facility": "ASV",
        "Test_Iterations": [
          {
            "37ML WATER TIME": "10",
            "TIME 3ML EMULSION, MINUTE": "10",
            "TIME FOR BREAK, MIN": "15",
            "Oil Layer Description": "CLOUDY",
            "Emulsion Layer Description": "CLOUDY",
            "Water Layer Description": "CLEAR",
            "Oil/Emulsion Interface Description": "ILL-DEFINED, BUBBLES",
            "Water/Emulsion Interface Description": "WELL-DEFINED, SHARP",
            "ASTM Time": "15",
            "Oil-Water-Emulsion (ml)": "40-40-0"
          }
        ]
      },
      {
        "TestMethod": "D189",
        "Sample_Description": "WAKAYAMA 2100SN-HT (PLASTOL 2105)",
        "Test_Facility": "ASV",
        "Test_Iterations": [
          {
            "name": "test1",
            "min": 0,
            "max": 100
          },
          {
            "name": "test1",
            "min": 0,
            "max": 100
          }
        ]
      },
      {
        "TestMethod": "D2500",
        "Sample_Description": "WAKAYAMA 2100SN-HT (PLASTOL 2105)",
        "Test_Facility": "EXT",
        "Test_Iterations": [
          {
            "Conradson Carbon Residue": "<0.01"
          }
        ]
      },
      {
        "TestMethod": "D2500",
        "Sample_Description": "WAKAYAMA 2100SN-HT (PLASTOL 2105)",
        "Test_Facility": "EXT",
        "Test_Iterations": [
          {
            "HEADER VERSION": "20030110",
            "TEST TYPE": "D2500",
            "LAB CODE": "SA",
            "TEST LAB VALIDATION (V or I)": "V",
            "OPERATIONAL VALIDITY (HAS or HAS NOT)": "HAS",
            "NON-REFERENCE OIL CODE": "04-62106",
            "Alternative oil code": "",
            "Date of oil receipt at laboratory": "None",
            "Viscosity grade candidate oil": "",
            "Test Start Date": "",
            "End of Test Date": "20180803",
            "Test Number": "S20180720-011",
            "TestMethod designation": "",
            "DATE TRANSMITTED": "20180803",
            "24 HOUR TIME TRANSMITTED": "0.666666666666667",
            "FORMULATION/STAND CODE": "",
            "TEST STAND NUMBER": "",
            "TEST STAND RUN NUMBER": "",
            "EDI REPORT PURPOSE CODE": "0",
            "LAB CODE IMPLIED FROM SOURCE": "FALSE",
            "SPONSOR ID": "",
            "ADDRESS LINE 1": "",
            "ADDRESS LINE 2": "",
            "COMMENT TEST SPONSOR 1": "",
            "COMMENT TEST SPONSOR 2": "",
            "Contact Test Sponsor": "",
            "Order No Test Sponsor": "",
            "Project No Test Sponsor": "",
            "TEST TYPE VERSION": "",
            "LAB CONTACT FOR TRANSMISSION ACKNOWLEDGEMENTS": "SAVANT@SAVANTGROUP.COM",
            "ENGINEER/LAB TECHNICIAN NAME": "",
            "CLOUD POINT": "-11",
            "COMMENTS 1": "",
            "COMMENTS 2": "",
            "COMMENTS 3": "",
            "File Spec": "file:\\\\MFS:\\2018\\EXT\\D2500\\04062106_108_36.PDF"
          },
          {
            "HDR VERSION (YYYYMMDD)": "20170607",
            "TEST TYPE": "D2500",
            "Test Sponsor": "EXXONMOBIL",
            "LAB CODE": "SR",
            "CMIR": "",
            "NON-REFERENCE OIL CODE": "04-62106",
            "EOT DATE (YYYYMMDD)": "20180724",
            "Test Number": "CS12142-920062",
            "DATE TRANSMITTED (YYYYMMDD)": "20180724",
            "24 HOUR TIME TRANSMITTED (HH: MM)": "0.5125",
            "FORMULATION/STAND CODE": "",
            "EDI REPORT PURPOSE CODE": "0",
            "SPONSOR ID": "",
            "TEST TYPE VERSION (YYYYMMDD)": "20070426",
            "LAB CONTACT FOR TRANSMISSION ACKNOWLEDGEMENTS": "chanise.simonson@swri.org",
            "LAB CODE IMPLIED FROM SOURCE": "FALSE",
            "D2500 VERSION 20070426 (YYYYMMDD)": "",
            "START DATE (YYYYMMDD)": "",
            "CLOUD POINT": "-10",
            "REMARKS 1": "",
            "REMARKS 2": "",
            "REMARKS 3": "",
            "REMARKS 4": "",
            "REMARKS 5": "",
            "File Spec": "file:\\\\MFS:\\2018\\EXT\\D2500\\04062106_99_25.PDF"
          },
          {
            "cloud point": "-18"
          }
        ]
      },
      {
        "TestMethod": "D3427-5",
        "Sample_Description": "WAKAYAMA 2100SN-HT (PLASTOL 2105)",
        "Test_Facility": "ASV",
        "Test_Iterations": [
          {
            "Time to 0.2 Pct Air": "13.1",
            "% Air at 1 minute": "4.28",
            "% Air at 2 minutes": "3.09",
            "% Air at 3 minutes": "2.42",
            "% Air at 4 minutes": "1.92",
            "% Air at 5 minutes": "1.56",
            "% Air at 7.5 minutes": "0.91",
            "% Air at 10 minutes": "0.52",
            "Relative Initial Density": "0.8434",
            "Relative Final Density": "0.8418"
          }
        ]
      },
      {
        "TestMethod": "D4052-9",
        "Sample_Description": "WAKAYAMA 2100SN-HT (PLASTOL 2105)",
        "Test_Facility": "ASV",
        "Test_Iterations": [
          {
            "Density of Liquids, Other Temp": "0.8827"
          },
          {
            "Density of Liquids, Other Temp": "0.8827"
          },
          {
            "Density of Liquids, Other Temp": "0.8832"
          }
        ]
      },
      {
        "TestMethod": "D4055",
        "Sample_Description": "WAKAYAMA 2100SN-HT (PLASTOL 2105)",
        "Test_Facility": "ASV",
        "Test-Iterations": [
          {
            "Pentane Insolubles, 0.8 Micron Millipore": "0.015"
          },
          {
            "Pentane Insolubles, 0.8 Micron Millipore": "0.044"
          },
          {
            "Pentane Insolubles, 0.8 Micron Millipore": "0.028"
          },
          {
            "Pentane Insolubles, 0.8 Micron Millipore": "0.057"
          },
          {
            "Pentane Insolubles, 0.8 Micron Millipore": "0.066"
          }
        ]
      },
      {
        "TestMethod": "D445-3",
        "Sample_Description": "WAKAYAMA 2100SN-HT (PLASTOL 2105)",
        "Test_Facility": "ASV",
        "Test_Iterations": [
          {
            "Kinematic Viscosity, 40C": "387.3"
          },
          {
            "Kinematic Viscosity, 40C": "387.2"
          },
          {
            "Kinematic Viscosity, 40C": "389.6"
          }
        ]
      },
      {
        "TestMethod": "D445-5",
        "Sample_Description": "WAKAYAMA 2100SN-HT (PLASTOL 2105)",
        "Test_Facility": "ASV",
        "Test_Iterations": [
          {
            "Kinematic Viscosity, 100C": "28.17"
          },
          {
            "Kinematic Viscosity, 100C": "28.13"
          },
          {
            "Kinematic Viscosity, 100C": "28.13"
          }
        ]
      },
      {
        "TestMethod": "D4530-1",
        "Sample_Description": "WAKAYAMA 2100SN-HT (PLASTOL 2105)",
        "Test_Facility": "ASV",
        "Test_Iterations": [
          {
            "Carbon Residue by MCRT, <0.5%": "0.02"
          },
          {
            "Carbon Residue by MCRT, <0.5%": "0.01"
          }
        ]
      },
      {
        "TestMethod": "D5950-1",
        "Sample_Description": "WAKAYAMA 2100SN-HT (PLASTOL 2105)",
        "Test_Facility": "ASV",
        "Test_Iterations": [
          {
            "Carbon Residue by MCRT, >0.5%": "<0.001"
          }
        ]
      },
      {
        "TestMethod": "D6045-2",
        "Sample_Description": "WAKAYAMA 2100SN-HT (PLASTOL 2105)",
        "Test_Facility": "ASV",
        "Test_Iterations": [
          {
            "Pour Point, 1C interval": "-17"
          }
        ]
      },
      {
        "TestMethod": "D6045-2",
        "Sample_Description": "WAKAYAMA 2100SN-HT (PLASTOL 2105)",
        "Test_Facility": "ASV",
        "Test_Iterations": [
          {
            "Saybolt Color": "      >30"
          },
          {
            "Saybolt Color": "      >30"
          },
          {
            "Saybolt Color": "      >30"
          },
          {
            "Saybolt Color": "      >30"
          }
        ]
      },
      {
        "TestMethod": "D611",
        "Sample_Description": "WAKAYAMA 2100SN-HT (PLASTOL 2105)",
        "Test_Facility": "ASV",
        "Test_Iterations": [
          {
            "Aniline Point": "138.2"
          },
          {
            "Aniline Point": "138.1"
          },
          {
            "Aniline Point": "138.2"
          }
        ]
      },
      {
        "TestMethod": "D6304",
        "Sample_Description": "WAKAYAMA 2100SN-HT (PLASTOL 2105)",
        "Test_Facility": "ASV",
        "Test_Iterations": [
          {
            "WATER": "80"
          },
          {
            "WATER": "37"
          }
        ]
      },
      {
        "TestMethod": "D7346-3",
        "Sample_Description": "WAKAYAMA 2100SN-HT (PLASTOL 2105)",
        "Test_Facility": "ASV",
        "Test_Iterations": [
          {
            "Cloud Point": "-18"
          },
          {
            "Cloud Point": "-18"
          },
          {
            "Cloud Point": "-18"
          }
        ]
      },
      {
        "TestMethod": "D7419",
        "Sample_Description": "WAKAYAMA 2100SN-HT (PLASTOL 2105)",
        "Test_Facility": "ASV",
        "Test_Iterations": [
          {
            "TOTAL SATURATES": "99.8",
            "Total Aromatics Plus Polars": "0.2"
          },
          {
            "TOTAL SATURATES": "99.6",
            "Total Aromatics Plus Polars": "0.4"
          }
        ]
      },
      {
        "TestMethod": "D893-1",
        "Sample_Description": "WAKAYAMA 2100SN-HT (PLASTOL 2105)",
        "Test_Facility": "ASV",
        "Test_Iterations": [
          {
            "Pentane Insolubles in Used Lube Oils": "0.03"
          }
        ]
      },
      {
        "TestMethod": "D893-1",
        "Sample_Description": "WAKAYAMA 2100SN-HT (PLASTOL 2105)",
        "Test_Facility": "ASV",
        "Test_Iterations": [
          {
            "Pentane Insolubles in Used Lube Oils": "0.01"
          },
          {
            "Pentane Insolubles in Used Lube Oils": "0.01"
          }
        ]
      },
      {
        "TestMethod": "D92-1",
        "Sample_Description": "WAKAYAMA 2100SN-HT (PLASTOL 2105)",
        "Test_Facility": "ASV",
        "Test_Iterations": [
          {
            "Flash Point, Cleveland Open Cup": "296"
          },
          {
            "Flash Point, Cleveland Open Cup": "296"
          },
          {
            "Flash Point, Cleveland Open Cup": "289"
          }
        ]
      },
      {
        "TestMethod": "D97",
        "Sample_Description": "WAKAYAMA 2100SN-HT (PLASTOL 2105)",
        "Test_Facility": "ASV",
        "Test_Iterations": [
          {
            "Pour Point of Petroleum Oils": "-18"
          },
          {
            "Pour Point of Petroleum Oils": "-18"
          },
          {
            "Pour Point of Petroleum Oils": "-18"
          }
        ]
      },
      {
        "TestMethod": "FDMS",
        "Sample_Description": "WAKAYAMA 2100SN-HT (PLASTOL 2105)",
        "Owner": {
            "name": "Y v shukla",
            "id": 1
        },
        "Tests": [
            {
                "TestMethod": "1746-3",
                "Sample_Description": "WAKAYAMA 2100SN-HT (PLASTOL 2105)", 
                "Test_Facility":  "ASV",
                "Components": [
                    {
                        "component": "CORRECTED POUR POINT",
                        "min": -18,
                        "max": -10,
                        "uom": "C"
                    },
                    {
                        "component": "HYDROGEN",
                        "min": -18,
                        "max": -10,
                        "uom": "c"
                    },
                    {
                        "component": "ASH",
                        "min": -18,
                        "max": -10,
                        "uom": "c"
                    }
                ]
            },
            {
                "TestMethod": "1746-4",
                "Sample_Description": "WAKAYAMA 2100SN-HT (PLASTOL 2105)", "Test_Facility":  "ASV",
                "Components": [
                    {
                        "component": "File Spec",
                        "Result": "file:\\\\MFS:\\2017\\ASV\\1746-3\\04062106_73_1.txt"
                    }
                ]
            },
            {
                "TestMethod": "1746-4",
                "Sample_Description": "WAKAYAMA 2100SN-HT (PLASTOL 2105)", "Test_Facility":  "ASV",
                "Components": [
                    {
                        "component": "File Spec",
                        "Result": "file:\\\\MFS:\\2019\\ASV\\1746-4\\04062106_117_1.txt"
                    },
                    {
                        "component": "File Spec",
                        "Result": "file:\\\\MFS:\\2018\\ASV\\1746-4\\04062106_104_1.txt"
                    },
                    {
                        "component": "File Spec",
                        "Result": "file:\\\\MFS:\\2014\\ASV\\1746-4\\04062106_17_1.txt"
                    }
                ]
            },
            {
                "TestMethod": "AMI1161A-9",
                "Sample_Description": "WAKAYAMA 2100SN-HT (PLASTOL 2105)", "Test_Facility":  "LUB",
                "Components": [
                    {
                        "component": "C49 Normal",
                        "Result": "-17"
                    }
                ]
            },
            {
                "TestMethod": "AMS1110-2",
                "Sample_Description": "WAKAYAMA 2100SN-HT (PLASTOL 2105)", "Test_Facility":  "LUB",
                "Components": [
                    {
                        "component": "File Spec",
                        "Result": "file:\\\\MFS:\\2014\\LUB\\AMI1161A-9\\04062106_31_1.doc"
                    }
                ]
            },
            {
                "TestMethod": "AMS1110-2",
                "Sample_Description": "WAKAYAMA 2100SN-HT (PLASTOL 2105)", "Test_Facility":  "LUB",
                "Components": [
                    {
                        "component": "FREE WATER",
                        "Result": "4"
                    },
                    {
                        "component": "Emulsion",
                        "Result": "1"
                    },
                    {
                        "Emulsion": "1",
                        "Oil Layer": "87",
                        "Oil Layer Description": "med",
                        "WATER": "0.345",
                        "COMPLETED DATE": "42638",
                        "Analyst of Test Run": "jsg",
                        "TestMethod Modfications": "--",
                        "Comments": "WOW",
                        "File Spec": "file:\\\\MFS:\\2016\\LUB\\AMS1110-2\\04062106_69_11.JPG"
                    }
                ]
            },
            {
                "TestMethod": "AMS1718MOD-9",
                "Sample_Description": "WAKAYAMA 2100SN-HT (PLASTOL 2105)", "Test_Facility":  "LUB",
                "Test_Iterations": [
                    {
                        "APPEARANCE": "-6°C, 4 hrs: 2 film present, RT: 1 clear and bright",
                        "Comments": "none"
                    },
                    {
                        "APPEARANCE": "Hazy at -18°C, clear at RT",
                        "Comments": "none"
                    },
                    {
                        "APPEARANCE": "Level 1: clear and bright",
                        "Comments": "none"
                    },
                    {
                        "APPEARANCE": "clear after 4 hrs, clear after ONC for both conditions",
                        "Comments": "reading taken at -6°C and -1°C"
                    },
                    {
                        "APPEARANCE": "clear at both -6° and -1°C, Turbidity (NTU) initial  0.559, after -6°C  0.596, after -1°C  0.603",
                        "Comments": "all results taken at ambient (23°C)"
                    }
                ]
            },
            {
                "TestMethod": "B901",
                "Sample_Description": "WAKAYAMA 2100SN-HT (PLASTOL 2105)", "Test_Facility":  "PGC",
                "Test_Iterations": [
                    {
                        "CLOUD POINT BY PHASE TEC": "-17.2"
                    }
                ]
            },
            {
                "TestMethod": "D1401-1",
                "Sample_Description": "WAKAYAMA 2100SN-HT (PLASTOL 2105)", "Test_Facility":  "ASV",
                "Test_Iterations": [
                    {
                        "SULFUR": "Not suitable for Analysis"
                    }
                ]
            },
            {
                "TestMethod": "D1401-1",
                "Sample_Description": "WAKAYAMA 2100SN-HT (PLASTOL 2105)", "Test_Facility":  "ASV",
                "Test_Iterations": [
                    {
                        "37ML WATER TIME": "10",
                        "TIME 3ML EMULSION, MINUTE": "10",
                        "TIME FOR BREAK, MIN": "15",
                        "Oil Layer Description": "CLOUDY",
                        "Emulsion Layer Description": "CLOUDY",
                        "Water Layer Description": "CLEAR",
                        "Oil/Emulsion Interface Description": "ILL-DEFINED, BUBBLES",
                        "Water/Emulsion Interface Description": "WELL-DEFINED, SHARP",
                        "ASTM Time": "15",
                        "Oil-Water-Emulsion (ml)": "40-40-0"
                    }
                ]
            },
            {
                "TestMethod": "D189",
                "Sample_Description": "WAKAYAMA 2100SN-HT (PLASTOL 2105)", "Test_Facility":  "ASV",
                "Test_Iterations": [
                    {
                        "name": "test1",
                        "min": 0,
                        "max": 100
                    },
                    {
                        "name": "test1",
                        "min": 0,
                        "max": 100
                    }
                ]
            },
            {
                "TestMethod": "D2500",
                "Sample_Description": "WAKAYAMA 2100SN-HT (PLASTOL 2105)", "Test_Facility":  "EXT",
                "Test_Iterations": [
                    {
                        "Conradson Carbon Residue": "<0.01"
                    }
                ]
            },
            {
                "TestMethod": "D2500",
                "Sample_Description": "WAKAYAMA 2100SN-HT (PLASTOL 2105)", "Test_Facility":  "EXT",
                "Test_Iterations": [
                    {
                        "HEADER VERSION": "20030110",
                        "TEST TYPE": "D2500",
                        "LAB CODE": "SA",
                        "TEST LAB VALIDATION (V or I)": "V",
                        "OPERATIONAL VALIDITY (HAS or HAS NOT)": "HAS",
                        "NON-REFERENCE OIL CODE": "04-62106",
                        "Alternative oil code": "",
                        "Date of oil receipt at laboratory": "None",
                        "Viscosity grade candidate oil": "",
                        "Test Start Date": "",
                        "End of Test Date": "20180803",
                        "Test Number": "S20180720-011",
                        "TestMethod designation": "",
                        "DATE TRANSMITTED": "20180803",
                        "24 HOUR TIME TRANSMITTED": "0.666666666666667",
                        "FORMULATION/STAND CODE": "",
                        "TEST STAND NUMBER": "",
                        "TEST STAND RUN NUMBER": "",
                        "EDI REPORT PURPOSE CODE": "0",
                        "LAB CODE IMPLIED FROM SOURCE": "FALSE",
                        "SPONSOR ID": "",
                        "ADDRESS LINE 1": "",
                        "ADDRESS LINE 2": "",
                        "COMMENT TEST SPONSOR 1": "",
                        "COMMENT TEST SPONSOR 2": "",
                        "Contact Test Sponsor": "",
                        "Order No Test Sponsor": "",
                        "Project No Test Sponsor": "",
                        "TEST TYPE VERSION": "",
                        "LAB CONTACT FOR TRANSMISSION ACKNOWLEDGEMENTS": "SAVANT@SAVANTGROUP.COM",
                        "ENGINEER/LAB TECHNICIAN NAME": "",
                        "CLOUD POINT": "-11",
                        "COMMENTS 1": "",
                        "COMMENTS 2": "",
                        "COMMENTS 3": "",
                        "File Spec": "file:\\\\MFS:\\2018\\EXT\\D2500\\04062106_108_36.PDF"
                    },
                    {
                        "HDR VERSION (YYYYMMDD)": "20170607",
                        "TEST TYPE": "D2500",
                        "Test Sponsor": "EXXONMOBIL",
                        "LAB CODE": "SR",
                        "CMIR": "",
                        "NON-REFERENCE OIL CODE": "04-62106",
                        "EOT DATE (YYYYMMDD)": "20180724",
                        "Test Number": "CS12142-920062",
                        "DATE TRANSMITTED (YYYYMMDD)": "20180724",
                        "24 HOUR TIME TRANSMITTED (HH: MM)": "0.5125",
                        "FORMULATION/STAND CODE": "",
                        "EDI REPORT PURPOSE CODE": "0",
                        "SPONSOR ID": "",
                        "TEST TYPE VERSION (YYYYMMDD)": "20070426",
                        "LAB CONTACT FOR TRANSMISSION ACKNOWLEDGEMENTS": "chanise.simonson@swri.org",
                        "LAB CODE IMPLIED FROM SOURCE": "FALSE",
                        "D2500 VERSION 20070426 (YYYYMMDD)": "",
                        "START DATE (YYYYMMDD)": "",
                        "CLOUD POINT": "-10",
                        "REMARKS 1": "",
                        "REMARKS 2": "",
                        "REMARKS 3": "",
                        "REMARKS 4": "",
                        "REMARKS 5": "",
                        "File Spec": "file:\\\\MFS:\\2018\\EXT\\D2500\\04062106_99_25.PDF"
                    },
                    {
                        "cloud point": "-18"
                    }
                ]
            },
            {
                "TestMethod": "D3427-5",
                "Sample_Description": "WAKAYAMA 2100SN-HT (PLASTOL 2105)", "Test_Facility":  "ASV",
                "Test_Iterations": [
                    {
                        "Time to 0.2 Pct Air": "13.1",
                        "% Air at 1 minute": "4.28",
                        "% Air at 2 minutes": "3.09",
                        "% Air at 3 minutes": "2.42",
                        "% Air at 4 minutes": "1.92",
                        "% Air at 5 minutes": "1.56",
                        "% Air at 7.5 minutes": "0.91",
                        "% Air at 10 minutes": "0.52",
                        "Relative Initial Density": "0.8434",
                        "Relative Final Density": "0.8418"
                    }
                ]
            },
            {
                "TestMethod": "D4052-9",
                "Sample_Description": "WAKAYAMA 2100SN-HT (PLASTOL 2105)", "Test_Facility":  "ASV",
                "Test_Iterations": [
                    {
                        "Density of Liquids, Other Temp": "0.8827"
                    },
                    {
                        "Density of Liquids, Other Temp": "0.8827"
                    },
                    {
                        "Density of Liquids, Other Temp": "0.8832"
                    }
                ]
            },
            {
                "TestMethod": "D4055",
                "Sample_Description": "WAKAYAMA 2100SN-HT (PLASTOL 2105)", "Test_Facility":  "ASV",
                "Test-Iterations": [
                    {
                        "Pentane Insolubles, 0.8 Micron Millipore": "0.015"
                    },
                    {
                        "Pentane Insolubles, 0.8 Micron Millipore": "0.044"
                    },
                    {
                        "Pentane Insolubles, 0.8 Micron Millipore": "0.028"
                    },
                    {
                        "Pentane Insolubles, 0.8 Micron Millipore": "0.057"
                    },
                    {
                        "Pentane Insolubles, 0.8 Micron Millipore": "0.066"
                    }
                ]
            },
            {
                "TestMethod": "D445-3",
                "Sample_Description": "WAKAYAMA 2100SN-HT (PLASTOL 2105)", "Test_Facility":  "ASV",
                "Test_Iterations": [
                    {
                        "Kinematic Viscosity, 40C": "387.3"
                    },
                    {
                        "Kinematic Viscosity, 40C": "387.2"
                    },
                    {
                        "Kinematic Viscosity, 40C": "389.6"
                    }
                ]
            },
            {
                "TestMethod": "D445-5",
                "Sample_Description": "WAKAYAMA 2100SN-HT (PLASTOL 2105)", "Test_Facility":  "ASV",
                "Test_Iterations": [
                    {
                        "Kinematic Viscosity, 100C": "28.17"
                    },
                    {
                        "Kinematic Viscosity, 100C": "28.13"
                    },
                    {
                        "Kinematic Viscosity, 100C": "28.13"
                    }
                ]
            },
            {
                "TestMethod": "D4530-1",
                "Sample_Description": "WAKAYAMA 2100SN-HT (PLASTOL 2105)", "Test_Facility":  "ASV",
                "Test_Iterations": [
                    {
                        "Carbon Residue by MCRT, <0.5%": "0.02"
                    },
                    {
                        "Carbon Residue by MCRT, <0.5%": "0.01"
                    }
                ]
            },
            {
                "TestMethod": "D5950-1",
                "Sample_Description": "WAKAYAMA 2100SN-HT (PLASTOL 2105)", "Test_Facility":  "ASV",
                "Test_Iterations": [
                    {
                        "Carbon Residue by MCRT, >0.5%": "<0.001"
                    }
                ]
            },
            {
                "TestMethod": "D6045-2",
                "Sample_Description": "WAKAYAMA 2100SN-HT (PLASTOL 2105)", "Test_Facility":  "ASV",
                "Test_Iterations": [
                    {
                        "Pour Point, 1C interval": "-17"
                    }
                ]
            },
            {
                "TestMethod": "D6045-2",
                "Sample_Description": "WAKAYAMA 2100SN-HT (PLASTOL 2105)", "Test_Facility":  "ASV",
                "Test_Iterations": [
                    {
                        "Saybolt Color": "      >30"
                    },
                    {
                        "Saybolt Color": "      >30"
                    },
                    {
                        "Saybolt Color": "      >30"
                    },
                    {
                        "Saybolt Color": "      >30"
                    }
                ]
            },
            {
                "TestMethod": "D611",
                "Sample_Description": "WAKAYAMA 2100SN-HT (PLASTOL 2105)", "Test_Facility":  "ASV",
                "Test_Iterations": [
                    {
                        "Aniline Point": "138.2"
                    },
                    {
                        "Aniline Point": "138.1"
                    },
                    {
                        "Aniline Point": "138.2"
                    }
                ]
            },
            {
                "TestMethod": "D6304",
                "Sample_Description": "WAKAYAMA 2100SN-HT (PLASTOL 2105)", "Test_Facility":  "ASV",
                "Test_Iterations": [
                    {
                        "WATER": "80"
                    },
                    {
                        "WATER": "37"
                    }
                ]
            },
            {
                "TestMethod": "D7346-3",
                "Sample_Description": "WAKAYAMA 2100SN-HT (PLASTOL 2105)", "Test_Facility":  "ASV",
                "Test_Iterations": [
                    {
                        "Cloud Point": "-18"
                    },
                    {
                        "Cloud Point": "-18"
                    },
                    {
                        "Cloud Point": "-18"
                    }
                ]
            },
            {
                "TestMethod": "D7419",
                "Sample_Description": "WAKAYAMA 2100SN-HT (PLASTOL 2105)", "Test_Facility":  "ASV",
                "Test_Iterations": [
                    {
                        "TOTAL SATURATES": "99.8",
                        "Total Aromatics Plus Polars": "0.2"
                    },
                    {
                        "TOTAL SATURATES": "99.6",
                        "Total Aromatics Plus Polars": "0.4"
                    }
                ]
            },
            {
                "TestMethod": "D893-1",
                "Sample_Description": "WAKAYAMA 2100SN-HT (PLASTOL 2105)", "Test_Facility":  "ASV",
                "Test_Iterations": [
                    {
                        "Pentane Insolubles in Used Lube Oils": "0.03"
                    }
                ]
            },
            {
                "TestMethod": "D893-1",
                "Sample_Description": "WAKAYAMA 2100SN-HT (PLASTOL 2105)", "Test_Facility":  "ASV",
                "Test_Iterations": [
                    {
                        "Pentane Insolubles in Used Lube Oils": "0.01"
                    },
                    {
                        "Pentane Insolubles in Used Lube Oils": "0.01"
                    }
                ]
            },
            {
                "TestMethod": "D92-1",
                "Sample_Description": "WAKAYAMA 2100SN-HT (PLASTOL 2105)", "Test_Facility":  "ASV",
                "Test_Iterations": [
                    {
                        "Flash Point, Cleveland Open Cup": "296"
                    },
                    {
                        "Flash Point, Cleveland Open Cup": "296"
                    },
                    {
                        "Flash Point, Cleveland Open Cup": "289"
                    }
                ]
            },
            {
                "TestMethod": "D97",
                "Sample_Description": "WAKAYAMA 2100SN-HT (PLASTOL 2105)", "Test_Facility":  "ASV",
                "Test_Iterations": [
                    {
                        "Pour Point of Petroleum Oils": "-18"
                    },
                    {
                        "Pour Point of Petroleum Oils": "-18"
                    },
                    {
                        "Pour Point of Petroleum Oils": "-18"
                    }
                ]
            },
            {
                "TestMethod": "FDMS",
                "Sample_Description": "WAKAYAMA 2100SN-HT (PLASTOL 2105)", "Test_Facility":  "CMS",
                "Test_Iterations": [
                    {
                        "File Spec": "g1810024"
                    },
                    {
                        "File Spec": "g1810005"
                    },
                    {
                        "File Spec": "g1802008"
                    },
                    {
                        "Complete": "Complete"
                    },
                    {
                        "Complete": "Complete"
                    }
                ]
            },
            {
                "TestMethod": "FTICR-MS",
                "Sample_Description": "WAKAYAMA 2100SN-HT (PLASTOL 2105)", "Test_Facility":  "CMS",
                "Test_Iterations": [
                    {
                        "Complete": "Complete"
                    },
                    {
                        "Complete": "Complete"
                    }
                ]
            },
            {
                "TestMethod": "M1082-1",
                "Sample_Description": "WAKAYAMA 2100SN-HT (PLASTOL 2105)", "Test_Facility":  "ASV",
                "Test_Iterations": [
                    {
                        "API GRAVITY": "28.57"
                    }
                ]
            },
            {
                "TestMethod": "M1082-1",
                "Sample_Description": "WAKAYAMA 2100SN-HT (PLASTOL 2105)", "Test_Facility":  "ASV",
                "Test_Iterations": [
                    {
                        "FILTRATION TIME": "197.1",
                        "SEDIMENT WEIGHT, MG": "1.3"
                    }
                ]
            },
            {
                "TestMethod": "M1082-2",
                "Sample_Description": "WAKAYAMA 2100SN-HT (PLASTOL 2105)", "Test_Facility":  "ASV",
                "Test_Iterations": [
                    {
                        "FILTRATION TIME": "206",
                        "SEDIMENT WEIGHT, MG": "0.2"
                    },
                    {
                        "FILTRATION TIME": "98.5",
                        "SEDIMENT WEIGHT, MG": "9.4"
                    },
                    {
                        "FILTRATION TIME": "118.5",
                        "SEDIMENT WEIGHT, MG": "0.2"
                    },
                    {
                        "FILTRATION TIME": "102.3",
                        "SEDIMENT WEIGHT, MG": "<0.1"
                    }
                ]
            },
            {
                "TestMethod": "M1082-9",
                "Test-Facility": "ASV",
                "Test_Iterations": [
                    {
                        "FILTRATION TIME": "45.2"
                    },
                    {
                        "FILTRATION TIME": "17.3",
                        "SEDIMENT WEIGHT, MG": "0.1"
                    }
                ]
            },
            {
                "TestMethod": "M1514",
                "Sample_Description": "WAKAYAMA 2100SN-HT (PLASTOL 2105)", "Test_Facility":  "ASV",
                "Test_Iterations": [
                    {
                        "Water in Petr Products, Hydranal Titr": "44.3"
                    }
                ]
            },
            {
                "TestMethod": "M1514",
                "Sample_Description": "WAKAYAMA 2100SN-HT (PLASTOL 2105)", "Test_Facility":  "ASV",
                "Test_Iterations": [
                    {
                        "Total Arom-high sats": "4.5",
                        "1 ring arom-high sats": "3.8",
                        "2 ring arom-high sats": "0.4",
                        "3 ring arom-high sats": "0",
                        "4+ arom-high sats": "0.1",
                        "ABSORPTIVITY AT 226 NM": "0.04",
                        "ABSORPTIVITY AT 254 NM": "0.002",
                        "ABSORPTIVITY AT 275 NM": "0.004",
                        "Absorptivity at 302 nm": "0.0004",
                        "Absorptivity at 310 nm": "0.0003",
                        "ABSORPTIVITY AT 325 NM": "0.0001",
                        "Absorptivity at 339 nm": "0.0001",
                        "ABSORPTIVITY AT 400 NM": "0.00002"
                    },
                    {
                        "Total Arom-high sats": "4.5",
                        "1 ring arom-high sats": "3.9",
                        "2 ring arom-high sats": "0.5",
                        "3 ring arom-high sats": "0",
                        "4+ arom-high sats": "0.1",
                        "ABSORPTIVITY AT 226 NM": "0.04",
                        "ABSORPTIVITY AT 254 NM": "0.002",
                        "ABSORPTIVITY AT 275 NM": "0.004",
                        "Absorptivity at 302 nm": "0.0004",
                        "Absorptivity at 310 nm": "0.0003",
                        "ABSORPTIVITY AT 325 NM": "0.0001",
                        "Absorptivity at 339 nm": "0.0001",
                        "ABSORPTIVITY AT 400 NM": "0.00001"
                    },
                    {
                        "Total Arom-high sats": "4.6"
                    },
                    {
                        "Total Arom-high sats": "4.5",
                        "1 ring arom-high sats": "3.9",
                        "2 ring arom-high sats": "0.4",
                        "3 ring arom-high sats": "0",
                        "4+ arom-high sats": "0.1",
                        "ABSORPTIVITY AT 226 NM": "0.04",
                        "ABSORPTIVITY AT 254 NM": "0.002",
                        "ABSORPTIVITY AT 275 NM": "0.004",
                        "Absorptivity at 302 nm": "0.0004",
                        "Absorptivity at 310 nm": "0.0003",
                        "ABSORPTIVITY AT 325 NM": "0.0001",
                        "Absorptivity at 339 nm": "0.0001",
                        "ABSORPTIVITY AT 400 NM": "0.00002"
                    },
                    {
                        "Total Arom-high sats": "4.9",
                        "1 ring arom-high sats": "4.2",
                        "2 ring arom-high sats": "0.5",
                        "3 ring arom-high sats": "0",
                        "4+ arom-high sats": "0.1",
                        "ABSORPTIVITY AT 226 NM": "0.05",
                        "ABSORPTIVITY AT 254 NM": "0.004",
                        "ABSORPTIVITY AT 275 NM": "0.004",
                        "Absorptivity at 302 nm": "0.0005",
                        "Absorptivity at 310 nm": "0.0003",
                        "ABSORPTIVITY AT 325 NM": "0.0001",
                        "Absorptivity at 339 nm": "0.0001",
                        "ABSORPTIVITY AT 400 NM": "0.00002"
                    },
                    {
                        "Total aromatics": "2.8",
                        "2+ rings aromatics": "0",
                        "3+ RINGS AROMATICS": "0",
                        "Total Polars": "0",
                        "UV Mutagenicity Index": "0.1",
                        "ABSORPTIVITY AT 226 NM": "0.04",
                        "ABSORPTIVITY AT 254 NM": "0.002",
                        "ABSORPTIVITY AT 275 NM": "0.004",
                        "Absorptivity at 302 nm": "0.0004",
                        "Absorptivity at 310 nm": "0.0003",
                        "ABSORPTIVITY AT 325 NM": "0.0001",
                        "Absorptivity at 339 nm": "0.0001",
                        "ABSORPTIVITY AT 400 NM": "0"
                    }
                ]
            },
            {
                "TestMethod": "M1514-HC-HIGH",
                "Sample_Description": "WAKAYAMA 2100SN-HT (PLASTOL 2105)", "Test_Facility":  "ASV",
                "Test_Iterations": [
                    {
                        "BASE METHOD TSN": "1",
                        "XY DATASET - MIDAS Viewer": "60683"
                    }
                ]
            },
            {
                "TestMethod": "M1514-HC-LOW",
                "Sample_Description": "WAKAYAMA 2100SN-HT (PLASTOL 2105)", "Test_Facility":  "ASV",
                "Test_Iterations": [
                    {
                        "BASE METHOD TSN": "1",
                        "XY DATASET - MIDAS Viewer": "46048"
                    }
                ]
            },
            {
                "TestMethod": "M731",
                "Sample_Description": "WAKAYAMA 2100SN-HT (PLASTOL 2105)", "Test_Facility":  "ASV",
                "Test_Iterations": [
                    {
                        "TOTAL": "1.9",
                        "PASS/FAIL": "PASS",
                        "VISUAL RATING": "CLEAR OIL",
                        "WATER": "1.9",
                        "Sed+Emul in Wtr": "0",
                        "Emul In Oil": "0",
                        "Clear Oil": "98.1"
                    }
                ]
            },
            {
                "TestMethod": "M993-1",
                "Sample_Description": "WAKAYAMA 2100SN-HT (PLASTOL 2105)", "Test_Facility":  "ASV",
                "Test_Iterations": [
                    {
                        "Water in Gear, Lube Oils": "651"
                    }
                ]
            },
            {
                "TestMethod": "MASS SPEC",
                "Sample_Description": "WAKAYAMA 2100SN-HT (PLASTOL 2105)", "Test_Facility":  "CMS",
                "Test_Iterations": [
                    {
                        "Basic Nitrogen": "<5"
                    }
                ]
            },
            {
                "TestMethod": "MASS SPEC",
                "Sample_Description": "WAKAYAMA 2100SN-HT (PLASTOL 2105)", "Test_Facility":  "CMS",
                "Test_Iterations": [
                    {
                        "Complete": "Complete"
                    },
                    {
                        "Complete": "Complete"
                    }
                ]
            },
            {
                "TestMethod": "PSS",
                "Sample_Description": "WAKAYAMA 2100SN-HT (PLASTOL 2105)", "Test_Facility":  "CMS",
                "Test_Iterations": [
                    {
                        "RECOVERY": "98.21",
                        "SATURATES": "96.17",
                        "ARC1": "3.83",
                        "ARC2": "0",
                        "ARC3": "0",
                        "ARC4": "0",
                        "SULFIDES": "0",
                        "POLARS": "0",
                        "File Spec": "file:\\\\MFS:\\2018\\CMS\\PSS\\04062106_112_1.xls"
                    }
                ]
            },
            {
                "TestMethod": "SIMDIS-CALIBRANT-HC",
                "Sample_Description": "WAKAYAMA 2100SN-HT (PLASTOL 2105)", "Test_Facility":  "ASV",
                "Test_Iterations": [
                    {
                        "[COND RESULT] FILE FORMAT VERSION": "V1",
                        "XY DATASET - MIDAS Viewer": "200499"
                    }
                ]
            },
            {
                "TestMethod": "WI008C-9",
                "Sample_Description": "WAKAYAMA 2100SN-HT (PLASTOL 2105)", "Test_Facility":  "LUB",
                "Test_Iterations": [
                    {
                        "0 DAY TURBIDITY": "0.524",
                        "0 DAY CENTRIFUGE": "N/A",
                        "File Spec": "file:\\\\MFS:\\2016\\LUB\\WI008C-9\\04062106_56_3.doc"
                    }
                ]
            },
            {
                "TestMethod": "WI008V-9",
                "Sample_Description": "WAKAYAMA 2100SN-HT (PLASTOL 2105)", "Test_Facility":  "LUB",
                "Test_Iterations": [
                    {
                        "Turbidity": "0.39"
                    },
                    {
                        "Turbidity": "1.3"
                    },
                    {
                        "Turbidity": "0.296"
                    },
                    {
                        "Turbidity": "0.528"
                    }
                ]
            },
            {
                "TestMethod": "WI091",
                "Sample_Description": "WAKAYAMA 2100SN-HT (PLASTOL 2105)", "Test_Facility":  "LUB",
                "Test_Iterations": [
                    {
                        "File Spec": "file:\\\\"
                    },
                    {
                        "File Spec": "file:\\\\MFS:\\2018\\LUB\\WI091\\04062106_101_3.xls"
                    }
                ]
            },
            {
                "TestMethod": "WI091-HC",
                "Sample_Description": "WAKAYAMA 2100SN-HT (PLASTOL 2105)", "Test_Facility":  "LUB",
                "Test_Iterations": [
                    {
                        "[COND RESULT] COMMENT": "0",
                        "[COND RESULT] PROCEDURE NAME": "WI091",
                        "[COND RESULT] PROCEDURE DESCRIPTION": "WI091 40,60,80,100C  20% speed increase",
                        "[COND RESULT] FILE FORMAT VERSION": "V3",
                        "XY DATASET - MIDAS Viewer": "204901"
                    },
                    {
                        "[COND RESULT] COMMENT": "0",
                        "[COND RESULT] PROCEDURE NAME": "WI091",
                        "[COND RESULT] PROCEDURE DESCRIPTION": "WI091 40,60,80,100C  20% speed increase",
                        "[COND RESULT] FILE FORMAT VERSION": "V3",
                        "XY DATASET - MIDAS Viewer": "201984"
                    }
                ]
            },
            {
                "TestMethod": "WI307TT-9",
                "Sample_Description": "WAKAYAMA 2100SN-HT (PLASTOL 2105)", "Test_Facility":  "LUB",
                "Test_Iterations": [
                    {
                        "File Spec": "-"
                    }
                ]
            },
            {
                "TestMethod": "WI307TT-HC",
                "Sample_Description": "WAKAYAMA 2100SN-HT (PLASTOL 2105)", "Test_Facility":  "LUB",
                "Test_Iterations": [
                    {
                        "[COND RESULT] COMMENT": "0",
                        "[COND RESULT] TIME TEST STARTED": "42879.3600694444",
                        "[COND RESULT] PROCEDURE NAME": "WI 307TT-9 20-120C  0.75-1.25 GPa 0-100% SRR",
                        "[COND RESULT] FILE FORMAT VERSION": "V6",
                        "XY DATASET - MIDAS Viewer": "176073"
                    }
                ]
            },
            {
                "TestMethod": "WI321-1",
                "Sample_Description": "WAKAYAMA 2100SN-HT (PLASTOL 2105)", "Test_Facility":  "LUB",
                "Test_Iterations": [
                    {
                        "Particle count": "19/16/13"
                    },
                    {
                        "Particle count": "19/16/14",
                        "4.0 microns": "2824.6",
                        "6.0 microns": "559.43",
                        "14.0 microns": "89.7",
                        "File Spec": "file:\\\\MFS:\\2016\\LUB\\WI321-1\\04062106_55_5.pdf"
                    }
                ]
            },
            {
                "TestMethod": "",
                "Sample_Description": "WAKAYAMA 2100SN-HT (PLASTOL 2105)", "Test_Facility":  "",
                "Test_Iterations": [
                    {
                        "NET TURBIDITY": "0"
                    }
                ]
            }
        ]
      },
      {
        "TestMethod": "FTICR-MS",
        "Sample_Description": "WAKAYAMA 2100SN-HT (PLASTOL 2105)",
        "Test_Facility": "CMS",
        "Test_Iterations": [
          {
            "Complete": "Complete"
          },
          {
            "Complete": "Complete"
          }
        ]
      },
      {
        "TestMethod": "M1082-1",
        "Sample_Description": "WAKAYAMA 2100SN-HT (PLASTOL 2105)",
        "Test_Facility": "ASV",
        "Test_Iterations": [
          {
            "API GRAVITY": "28.57"
          }
        ]
      },
      {
        "TestMethod": "M1082-1",
        "Sample_Description": "WAKAYAMA 2100SN-HT (PLASTOL 2105)",
        "Test_Facility": "ASV",
        "Test_Iterations": [
          {
            "FILTRATION TIME": "197.1",
            "SEDIMENT WEIGHT, MG": "1.3"
          }
        ]
      },
      {
        "TestMethod": "M1082-2",
        "Sample_Description": "WAKAYAMA 2100SN-HT (PLASTOL 2105)",
        "Test_Facility": "ASV",
        "Test_Iterations": [
          {
            "FILTRATION TIME": "206",
            "SEDIMENT WEIGHT, MG": "0.2"
          },
          {
            "FILTRATION TIME": "98.5",
            "SEDIMENT WEIGHT, MG": "9.4"
          },
          {
            "FILTRATION TIME": "118.5",
            "SEDIMENT WEIGHT, MG": "0.2"
          },
          {
            "FILTRATION TIME": "102.3",
            "SEDIMENT WEIGHT, MG": "<0.1"
          }
        ]
      },
      {
        "TestMethod": "M1082-9",
        "Test-Facility": "ASV",
        "Test_Iterations": [
          {
            "FILTRATION TIME": "45.2"
          },
          {
            "FILTRATION TIME": "17.3",
            "SEDIMENT WEIGHT, MG": "0.1"
          }
        ]
      },
      {
        "TestMethod": "M1514",
        "Sample_Description": "WAKAYAMA 2100SN-HT (PLASTOL 2105)",
        "Test_Facility": "ASV",
        "Test_Iterations": [
          {
            "Water in Petr Products, Hydranal Titr": "44.3"
          }
        ]
      },
      {
        "TestMethod": "M1514",
        "Sample_Description": "WAKAYAMA 2100SN-HT (PLASTOL 2105)",
        "Test_Facility": "ASV",
        "Test_Iterations": [
          {
            "Total Arom-high sats": "4.5",
            "1 ring arom-high sats": "3.8",
            "2 ring arom-high sats": "0.4",
            "3 ring arom-high sats": "0",
            "4+ arom-high sats": "0.1",
            "ABSORPTIVITY AT 226 NM": "0.04",
            "ABSORPTIVITY AT 254 NM": "0.002",
            "ABSORPTIVITY AT 275 NM": "0.004",
            "Absorptivity at 302 nm": "0.0004",
            "Absorptivity at 310 nm": "0.0003",
            "ABSORPTIVITY AT 325 NM": "0.0001",
            "Absorptivity at 339 nm": "0.0001",
            "ABSORPTIVITY AT 400 NM": "0.00002"
          },
          {
            "Total Arom-high sats": "4.5",
            "1 ring arom-high sats": "3.9",
            "2 ring arom-high sats": "0.5",
            "3 ring arom-high sats": "0",
            "4+ arom-high sats": "0.1",
            "ABSORPTIVITY AT 226 NM": "0.04",
            "ABSORPTIVITY AT 254 NM": "0.002",
            "ABSORPTIVITY AT 275 NM": "0.004",
            "Absorptivity at 302 nm": "0.0004",
            "Absorptivity at 310 nm": "0.0003",
            "ABSORPTIVITY AT 325 NM": "0.0001",
            "Absorptivity at 339 nm": "0.0001",
            "ABSORPTIVITY AT 400 NM": "0.00001"
          },
          {
            "Total Arom-high sats": "4.6"
          },
          {
            "Total Arom-high sats": "4.5",
            "1 ring arom-high sats": "3.9",
            "2 ring arom-high sats": "0.4",
            "3 ring arom-high sats": "0",
            "4+ arom-high sats": "0.1",
            "ABSORPTIVITY AT 226 NM": "0.04",
            "ABSORPTIVITY AT 254 NM": "0.002",
            "ABSORPTIVITY AT 275 NM": "0.004",
            "Absorptivity at 302 nm": "0.0004",
            "Absorptivity at 310 nm": "0.0003",
            "ABSORPTIVITY AT 325 NM": "0.0001",
            "Absorptivity at 339 nm": "0.0001",
            "ABSORPTIVITY AT 400 NM": "0.00002"
          },
          {
            "Total Arom-high sats": "4.9",
            "1 ring arom-high sats": "4.2",
            "2 ring arom-high sats": "0.5",
            "3 ring arom-high sats": "0",
            "4+ arom-high sats": "0.1",
            "ABSORPTIVITY AT 226 NM": "0.05",
            "ABSORPTIVITY AT 254 NM": "0.004",
            "ABSORPTIVITY AT 275 NM": "0.004",
            "Absorptivity at 302 nm": "0.0005",
            "Absorptivity at 310 nm": "0.0003",
            "ABSORPTIVITY AT 325 NM": "0.0001",
            "Absorptivity at 339 nm": "0.0001",
            "ABSORPTIVITY AT 400 NM": "0.00002"
          },
          {
            "Total aromatics": "2.8",
            "2+ rings aromatics": "0",
            "3+ RINGS AROMATICS": "0",
            "Total Polars": "0",
            "UV Mutagenicity Index": "0.1",
            "ABSORPTIVITY AT 226 NM": "0.04",
            "ABSORPTIVITY AT 254 NM": "0.002",
            "ABSORPTIVITY AT 275 NM": "0.004",
            "Absorptivity at 302 nm": "0.0004",
            "Absorptivity at 310 nm": "0.0003",
            "ABSORPTIVITY AT 325 NM": "0.0001",
            "Absorptivity at 339 nm": "0.0001",
            "ABSORPTIVITY AT 400 NM": "0"
          }
        ]
      },
      {
        "TestMethod": "M1514-HC-HIGH",
        "Sample_Description": "WAKAYAMA 2100SN-HT (PLASTOL 2105)",
        "Test_Facility": "ASV",
        "Test_Iterations": [
          {
            "BASE METHOD TSN": "1",
            "XY DATASET - MIDAS Viewer": "60683"
          }
        ]
      },
      {
        "TestMethod": "M1514-HC-LOW",
        "Sample_Description": "WAKAYAMA 2100SN-HT (PLASTOL 2105)",
        "Test_Facility": "ASV",
        "Test_Iterations": [
          {
            "BASE METHOD TSN": "1",
            "XY DATASET - MIDAS Viewer": "46048"
          }
        ]
      },
      {
        "TestMethod": "M731",
        "Sample_Description": "WAKAYAMA 2100SN-HT (PLASTOL 2105)",
        "Test_Facility": "ASV",
        "Test_Iterations": [
          {
            "TOTAL": "1.9",
            "PASS/FAIL": "PASS",
            "VISUAL RATING": "CLEAR OIL",
            "WATER": "1.9",
            "Sed+Emul in Wtr": "0",
            "Emul In Oil": "0",
            "Clear Oil": "98.1"
          }
        ]
      },
      {
        "TestMethod": "M993-1",
        "Sample_Description": "WAKAYAMA 2100SN-HT (PLASTOL 2105)",
        "Test_Facility": "ASV",
        "Test_Iterations": [
          {
            "Water in Gear, Lube Oils": "651"
          }
        ]
      },
      {
        "TestMethod": "MASS SPEC",
        "Sample_Description": "WAKAYAMA 2100SN-HT (PLASTOL 2105)",
        "Test_Facility": "CMS",
        "Test_Iterations": [
          {
            "Basic Nitrogen": "<5"
          }
        ]
      },
      {
        "TestMethod": "MASS SPEC",
        "Sample_Description": "WAKAYAMA 2100SN-HT (PLASTOL 2105)",
        "Test_Facility": "CMS",
        "Test_Iterations": [
          {
            "Complete": "Complete"
          },
          {
            "Complete": "Complete"
          }
        ]
      },
      {
        "TestMethod": "PSS",
        "Sample_Description": "WAKAYAMA 2100SN-HT (PLASTOL 2105)",
        "Test_Facility": "CMS",
        "Test_Iterations": [
          {
            "RECOVERY": "98.21",
            "SATURATES": "96.17",
            "ARC1": "3.83",
            "ARC2": "0",
            "ARC3": "0",
            "ARC4": "0",
            "SULFIDES": "0",
            "POLARS": "0",
            "File Spec": "file:\\\\MFS:\\2018\\CMS\\PSS\\04062106_112_1.xls"
          }
        ]
      },
      {
        "TestMethod": "SIMDIS-CALIBRANT-HC",
        "Sample_Description": "WAKAYAMA 2100SN-HT (PLASTOL 2105)",
        "Test_Facility": "ASV",
        "Test_Iterations": [
          {
            "[COND RESULT] FILE FORMAT VERSION": "V1",
            "XY DATASET - MIDAS Viewer": "200499"
          }
        ]
      },
      {
        "TestMethod": "WI008C-9",
        "Sample_Description": "WAKAYAMA 2100SN-HT (PLASTOL 2105)",
        "Test_Facility": "LUB",
        "Test_Iterations": [
          {
            "0 DAY TURBIDITY": "0.524",
            "0 DAY CENTRIFUGE": "N/A",
            "File Spec": "file:\\\\MFS:\\2016\\LUB\\WI008C-9\\04062106_56_3.doc"
          }
        ]
      },
      {
        "TestMethod": "WI008V-9",
        "Sample_Description": "WAKAYAMA 2100SN-HT (PLASTOL 2105)",
        "Test_Facility": "LUB",
        "Test_Iterations": [
          {
            "Turbidity": "0.39"
          },
          {
            "Turbidity": "1.3"
          },
          {
            "Turbidity": "0.296"
          },
          {
            "Turbidity": "0.528"
          }
        ]
      },
      {
        "TestMethod": "WI091",
        "Sample_Description": "WAKAYAMA 2100SN-HT (PLASTOL 2105)",
        "Test_Facility": "LUB",
        "Test_Iterations": [
          {
            "File Spec": "file:\\\\"
          },
          {
            "File Spec": "file:\\\\MFS:\\2018\\LUB\\WI091\\04062106_101_3.xls"
          }
        ]
      },
      {
        "TestMethod": "WI091-HC",
        "Sample_Description": "WAKAYAMA 2100SN-HT (PLASTOL 2105)",
        "Test_Facility": "LUB",
        "Test_Iterations": [
          {
            "[COND RESULT] COMMENT": "0",
            "[COND RESULT] PROCEDURE NAME": "WI091",
            "[COND RESULT] PROCEDURE DESCRIPTION": "WI091 40,60,80,100C  20% speed increase",
            "[COND RESULT] FILE FORMAT VERSION": "V3",
            "XY DATASET - MIDAS Viewer": "204901"
          },
          {
            "[COND RESULT] COMMENT": "0",
            "[COND RESULT] PROCEDURE NAME": "WI091",
            "[COND RESULT] PROCEDURE DESCRIPTION": "WI091 40,60,80,100C  20% speed increase",
            "[COND RESULT] FILE FORMAT VERSION": "V3",
            "XY DATASET - MIDAS Viewer": "201984"
          }
        ]
      },
      {
        "TestMethod": "WI307TT-9",
        "Sample_Description": "WAKAYAMA 2100SN-HT (PLASTOL 2105)",
        "Test_Facility": "LUB",
        "Test_Iterations": [
          {
            "File Spec": "-"
          }
        ]
      },
      {
        "TestMethod": "WI307TT-HC",
        "Sample_Description": "WAKAYAMA 2100SN-HT (PLASTOL 2105)",
        "Test_Facility": "LUB",
        "Test_Iterations": [
          {
            "[COND RESULT] COMMENT": "0",
            "[COND RESULT] TIME TEST STARTED": "42879.3600694444",
            "[COND RESULT] PROCEDURE NAME": "WI 307TT-9 20-120C  0.75-1.25 GPa 0-100% SRR",
            "[COND RESULT] FILE FORMAT VERSION": "V6",
            "XY DATASET - MIDAS Viewer": "176073"
          }
        ]
      },
      {
        "TestMethod": "WI321-1",
        "Sample_Description": "WAKAYAMA 2100SN-HT (PLASTOL 2105)",
        "Test_Facility": "LUB",
        "Test_Iterations": [
          {
            "Particle count": "19/16/13"
          },
          {
            "Particle count": "19/16/14",
            "4.0 microns": "2824.6",
            "6.0 microns": "559.43",
            "14.0 microns": "89.7",
            "File Spec": "file:\\\\MFS:\\2016\\LUB\\WI321-1\\04062106_55_5.pdf"
          }
        ]
      },
      {
        "TestMethod": "",
        "Sample_Description": "WAKAYAMA 2100SN-HT (PLASTOL 2105)",
        "Test_Facility": "",
        "Test_Iterations": [
          {
            "NET TURBIDITY": "0"
          }
        ]
      }
    ]
  },
  {
    "MIDAS_Id": "4058656",
    "Sample_Description": "Hydrogen GAS  CORRECTED 2100SK-HT (PLASTOL 20145)",
    "Owner": {
      "name": "Alec",
      "id": 2
    },
        "Tests": [
            {
                "TestMethod": "1746-3",
                "Sample_Description": "WAKAYAMA 2100SN-HT (PLASTOL 2105)", "Test_Facility":  "ASV",
                "Components": [
                    {
                        "component": "XRF Uniquant Survey Na to U",
                        "min": -18,
                        "max": -10,
                        "uom": "c"
                    },
                    {
                        "component": "HYDROGEN",
                        "min": -18,
                        "max": -10,
                        "uom": "c"
                    },
                    {
                        "component": "Odor",
                        "min": -18,
                        "max": -10,
                        "uom": "c"
                    }
                ],
                "Test_uom": "C",
                "Test_Iterations": [
                    {
                        "CORRECTED POUR POINT": "-20"
                    }
                ]
            },
            {
                "TestMethod": "123456",
                "Sample_Description": "WAKAYAMA 2100SN-HT (PLASTOL 2105)", 
                "Components": [{
                    "component": "XRF Uniquant Survey Na to U",
                    "min": -18,
                    "max": -10,
                    "uom": "c"
                  },
                  {
                    "component": "HYDROGEN",
                    "min": -18,
                    "max": -10,
                    "uom": "c"
                  },
                  {
                    "component": "Odor",
                    "min": -18,
                    "max": -10,
                    "uom": "c"
                  }
                ],
                "Test_Facility":  "Gan",
                "Test_Iterations": [
                    {
                        "C49 Normal": "-17"
                    }
                ]
            },
            {
                "TestMethod": "1359678",
                "Sample_Description": "WAKAYAMA 2100SN-HT (PLASTOL 2105)", "Test_Facility":  "Srin",
                "Test_Iterations": [
                    {
                        "C49 Normal": "-17"
                    }
                ]
            }
        ]
      },
    
  
    {
    "MIDAS_Id": "405123",
    "Sample_Description": "Nitrogen  GAS  CORRECTED 2100SK-HT (PLASTOL 20145)",
    "Owner": {
      "name": "Richard",
      "id": 1
    },
    "Tests": [
      {
        "TestMethod": "1746-3",
        "Sample_Description": "WAKAYAMA 2100SN-HT (PLASTOL 2105)",
        "Test_Facility": "ASV",
        "Components": [
          {
            "component": "CORRECTED POUR POINT",
            "min": -18,
            "max": -10
          },
          {
            "component": "HYDROGEN",
            "min": -18,
            "max": -10
          },
          {
            "component": "ASH",
            "min": -18,
            "max": -10
          }
        ],
        "Test_uom": "C",
        "Test_Iterations": [
          {
            "CORRECTED POUR POINT": "-20"
          }
        ]
      },
      {
        "TestMethod": "17656-1",
        "Sample_Description": "WAKAYAMA 2100SN-HT (PLASTOL 2105)",
        "Test_Facility": "Ven",
        "Components": [
          {
            "component": "74548",
            "min": 10,
            "max": 100
          },
          {
            "component": "789564",
            "min": 10,
            "max": 100
          }
        ],
        "Test_Iterations": [
          {
            "C49 Normal": "-17"
          }
        ]
      },
      {
        "TestMethod": "1359678",
        "Sample_Description": "WAKAYAMA 2100SN-HT (PLASTOL 2105)",
        "Test_Facility": "Sur",
        "Test_Iterations": [
          {
            "C49 Normal": "-17"
          }
        ]
      }
    ]
  },  
    {
        "MIDAS_Id": "4058657",
        "Sample_Description": "Hydrogen 2100-89565-HT(PLASTOL 2106)",
        "Owner": {
            "name": "Venkat",
            "id": 3
        },
        "Tests": [
            {
                "TestMethod": "123456",
                "Components": [
                    {
                        "Component": "Mercaptans in Liquid HC",
                        "uom": "c"
                    }
                ]
            },
            {
                "TestMethod": "123456",
                "Components": [
                    {
                        "Component": "Chlorine/HyJet Hydraulic oil",
                        "uom": "c"
                    }
                ]
            },
            {
                "TestMethod": "1702",
                "Components": [
                    {
                        "Component": "Odor",
                        "uom": "c"
                    }
                ]
            },
            {
                "TestMethod": "1746-3",
                "Components": [
                    {
                        "Component": "XRF Uniquant Survey Na to U",
                        "uom": "c"
                    }
                ]
            },
            {
                "TestMethod": "1716",
                "Components": [
                    {
                        "Component": "Mercury in Crude Oil",
                        "uom": "c"
                    }
                ]
            }
        ]
    }
]
